Acceleration	Float
ActiveTurnInPlace	Integer
AimAndAttack	Integer
AimAtLocation	Vector
AimWobble	Float
AimWobbleSpeedMult	Float
Amount	Float
AnimObjActive	Integer
AnimSpeed	Float
ArmillaryAssemblePhase1	Integer
ArmillaryAssemblePhase2	Integer
ArmillaryAssemblePhase3	Integer
ArmillaryAssemblePhase4	Integer
ArmillaryAssemblePhase5	Integer
ArmillaryAssemblePhase6	Integer
ArmillaryPhase1	Integer
ArmillaryPhase2	Integer
ArmillaryPhase3	Integer
ArmillaryPhase4	Integer
ArmillaryPhase5	Integer
ArmillaryPhase6	Integer
bAimActive	Boolean
bAlignWithAimAssistTarget	Integer
bAllowFinisher	Integer
bAllowReversal	Integer
bBlockMeleeBash	Integer
bCameraHits	Integer
bCanComboAttack	Integer
bCanQueueAttackWhileReloading	Integer
bChargeRecharging	Boolean
bCombatWalk	Integer
bDelayReloading	Integer
bDelayStandStart	Integer
bDisableAlert	Integer
bDisableFurnitureHeadtrack	Integer
bDisableWeaponConstraint	Integer
bDoBoltCharge	Boolean
bDontAllowAttack	Integer
bDontAllowBlock	Integer
bDontAllowFlinch	Integer
bDontAllowPowerAttack	Integer
bDontAllowReloading	Integer
bDoReloadLoop	Integer
bEnableHandIK	Integer
bEnableLeftHandIK	Integer
bEnableRightHandIK	Integer
bFootLeftLock	Integer
bFootLeftUnlock	Integer
bFootRightLock	Integer
bFootRightUnlock	Integer
bFreeMovement	Integer
bHasAnimObjectVisible	Integer
bHeadLightIsVisible	Integer
bHeadTrackingActive	Boolean
bHelmetIsVisible	Integer
bHelmetLightIsOn	Boolean
bInitializeInstant	Integer
bInRelaxedPose	Integer
bInReloadState	Integer
bInReloadStateWithoutSightMode	Integer
bIsAttacking	Integer
bIsBleedingOut	Integer
bIsBlocking	Integer
bIsEnteringCover	Integer
bIsEquipping	Integer
bIsExitingCover	Integer
bIsFirstPerson	Integer
bIsFurnitureExit	Integer
bIsGrazing	Integer
bIsHiding	Integer
bIsInAir	Integer
bIsInCamera	Boolean
bIsInCover	Integer
bIsInLargeFlavor	Integer
bIsInScene	Integer
bIsLanding	Integer
bIsMantling	Integer
bIsMantling	Integer
bIsMelee	Integer
bIsMirrored	Integer
bIsNotTalking	Integer
bIsPathing	Boolean
bIsPlayerShip	Boolean
bIsReloading	Integer
bIsShuffling	Integer
bIsSliding	Integer
bIsStaggered	Integer
bIsTouchingGround	Integer
bIsTunneling	Integer
bIsUnequipping	Integer
bLadderLeftHandUp	Integer
bLandInPlace	Integer
bLeftHandCasting	Integer
bManualAnimObjUnequip	Integer
bNoAdditivePose	Integer
bNoAim	Integer
bNoAlertAdditive	Integer
bNoArmorOffset	Integer
bNoFeatherSpine	Integer
bNoFlavor	Integer
bNoFootIK	Integer
bNoHeadTrack	Integer
bNoIdleBack	Integer
bNoIdleFace	Integer
bNoLeftHandIK	Integer
bNoRightHandIK	Integer
Body Length	Float
BoneWeightsAction	Integer
bPairedLead	Boolean
bPartialBodyInstant	Integer
bPlayerMoveStartActive	Integer
bPlayReloadEnd	Integer
bReloadAborted	Integer
bRetainEquipment	Integer
bShipPitchDown	Integer
bShipPitchUp	Integer
bShipRoll	Integer
bShipStrafeDown	Integer
bShipStrafeLeft	Integer
bShipStrafeLR	Integer
bShipStrafeRight	Integer
bShipStrafeUD	Integer
bShipStrafeUp	Integer
bShipYawLeft	Integer
bShipYawRight	Integer
bTailAttack	Integer
bUseSequentialReloading	Integer
bUseSoaring	Integer
bUseStandToExit	Integer
bWeaponLeftToLAnimObject	Integer
bWeaponLeftToRAnimObject	Integer
bWeaponLeftToRAnimObject3	Integer
bWeaponToRAnimObject	Integer
bZeroGSpine	Integer
CameraFOV	Float
CameraNearFar	Integer
CameraYawSpeed	Float
CanEnableGunFailsafe	Integer
CanStaySightedWhileReloading	Integer
Capacity	Float
CapacityPercent	Float
ChestHeadingMax	Float
ChestHeadingMin	Float
cHitReactionBodyPart	Integer
cHitReactionDir	Integer
CumulativeAnimationsCount	Integer
CurrentAmount	Float
CurrentAperture	Float
CurrentGraphState	Float
CurrentPosition	Float
CurrentRotation	Float
CurrentSpeed	Float
DesiredLocation	Vector
DirectAt Heading Delta	Float
DirectAtHeadingMax	Float
DirectAtHeadingMin	Float
DirectAtHeadingVar	Float
DirectAtPitchMax	Float
DirectAtPitchMin	Float
DirectAtPitchVar	Float
Direction	Float
DirectionSmoothed	Float
DisableAllowRotation	Integer
DisableAnimationDriven	Integer
DisableHeadingMax	Float
DisableHeadingMin	Float
DistanceToStop	Float
DrawSpeedMult	Float
fActorScale	Float
fActorScaleInverse	Float
fAmmoCountAsTimePercent	Float
fAmmoCountPercentage	Float
fAmmoRemaining	Float
fBlendTime_Combat	Float
fBlendTime_Default	Float
fBlendTime_IdleLocomotionSwitch	Float
fCameraPitch	Float
fCameraYaw	Float
fChargePercentage	Float
fCockpitBoost	Float
fCockpitBrakeThrusters	Float
fCockpitEngineState	Float
fCockpitGForce	Float
fCockpitGravDriveState	Float
fCockpitHorizontalInput	Float
fCockpitHullIntegrityState	Float
fCockpitPitch	Float
fCockpitReactorState	Float
fCockpitRoll	Float
fCockpitShieldState	Float
fCockpitSpeed	Float
fCockpitTargetLock	Float
fCockpitThrottle	Float
fCockpitThrottleInput	Float
fCockpitThrottleReverse	Float
fCockpitThrusters	Float
fCockpitVerticalInput	Float
fCockpitYaw	Float
fControllerMoveXDampen	Float
fControllerMoveXRaw	Float
fControllerMoveYRaw	Float
fControllerMoveZRaw	Float
fControllerXRaw	Float
fControllerXRawDampen	Float
fControllerYRaw	Float
fControllerYRawDampen	Float
fDesiredHeading	Float
fFastWalkSpeed	Float
fFlightHorizontalInput	Float
fFlightMaxSpeed	Float
fFlightPitchInput	Float
fFlightRollInput	Float
fFlightThrottleInput	Float
fFlightVerticalInput	Float
fFlightYawInput	Float
fFXgeneric01	Float
fFXgeneric02	Float
fFXgeneric03	Float
fGravityScale	Float
fGunDownToGunUpDuration	Float
fGunUpToGunDownDuration	Float
fHeadingSpeed	Float
fHintVisibility	Float
fHipRelativeMotion	Float
fImpactDist	Float
fInventoryHeading	Float
fMeterCount	Float
fMeterCountPercentage	Float
fPitchSpeed	Float
fPowerIntensity	Float
fProjectilePower	Float
fRandomClipStartTimePercentage	Float
fRingControl	Float
fRingSpeed	Float
fRingSpeedFast	Float
fRingSpeedMedium	Float
fRingSpeedSlow	Float
fRingSpin	Float
fRingSuccessSpeed	Float
fRingTarget	Float
fShipQuadrant	Float
fThrottleDamp	Float
fTurretHeadingMax	Float
fTurretHeadingMin	Float
fTurretPitchMax	Float
fTurretPitchMin	Float
fVariableRangeAperture	Float
fVariableRangeDistance	Float
GripOffset	Float
HasPower	Integer
HeadHeadingMax	Float
HeadHeadingMin	Float
HitReactionTransferVariable	Integer
iAmmoCount	Integer
iAttackState	Integer
iAttackState0	Integer
iAttackState1	Integer
iAttackState2	Integer
iAttackState3	Integer
iAttackState4	Integer
iAttackState5	Integer
iAttackState6	Integer
iAttackState7	Integer
iCriticalHitType	Integer
iIsBlindFiring	Integer
iIsGunDown	Integer
iIsInSneak	Integer
iIsPlayer	Integer
iIsPoseB	Integer
iIsSighted	Integer
iLadderClimbState	Integer
iMagazineCapacity	Integer
iPartialCover	Integer
iPlayerLadderClimbAnimation	Integer
iPlayingSprintAnimation	Integer
iRigIndex	Integer
iRootSwitch	Integer
IsCompletelyStopped	Integer
iSightedRequested	Integer
IsInstantInit	Boolean
IsNotAligned	Integer
IsOn	Integer
iStaggerType	Integer
iState	Integer
IsUsingCodeDrivenRotation	Boolean
iSwitchingPerspectives	Integer
iSyncActions	Integer
iSyncActorStance	Integer
iSyncBleedout	Integer
iSyncCoverStates	Integer
iSyncFullbodyActions	Integer
iSyncGravDash	Integer
iSyncGravity	Integer
iSyncGunActions	Integer
iSyncIdleLocomotion	Integer
iSyncIdleTurnState	Integer
iSyncIdleWalkRun	Integer
iSyncInDialogueScene	Integer
iSyncInjured	Integer
iSyncInventoryCamera	Integer
iSyncJumpState	Integer
iSyncMeleeActions	Integer
iSyncMoveDirection	Integer
iSyncOnGround	Integer
iSyncOpenClose	Integer
iSyncPartialBody	Integer
iSyncPartialBodyBlend	Integer
iSyncPartialBodyState	Integer
iSyncPose	Integer
iSyncPower	Integer
iSyncRelaxedReadyAlert	Integer
iSyncRelaxReadySneak	Integer
iSyncRightLeft	Integer
iSyncSighted	Integer
iSyncSprintState	Integer
iSyncStandingCrouching	Integer
iSyncStateAB	Integer
iSyncStunState	Integer
iSyncSwimState	Integer
iSyncTransitions	Integer
iSyncTurnLeft	Integer
iSyncTurnRight	Integer
iSyncTurnState	Integer
iTurnType	Integer
iWantBlock	Integer
LadderStepDesiredLocation	Vector
LockAlignementToCameraDuringTurnAnimation	Float
LookAtDir	Vector
LookAtHeadingMax	Float
LookAtHeadingMin	Float
LookAtHeadingVar	Float
LookAtLocation	Vector
LookAtPitchMax	Float
LookAtPitchMin	Float
LookAtPitchVar	Float
LookHeading	Float
LookHeadingOffset	Float
MantleEndPos	Vector
MantleHeadingOffset	Float
MantleTogether	Boolean
MeleeAttack_Bite02	Float
NeedPower	Integer
NPCHeading	Float
NPCHeadingOffset	Float
OpenCloseFormState	Float
PairedAnimHash	Integer
PairedHeadingOffset	Float
PairedTranslationOffset	Vector
Pitch	Float
PitchDelta	Float
PitchOffset	Float
PlaybackSpeedMult	Float
PlayPartialBodyStart	Boolean
Position	Float
ReloadSpeedMult	Float
Rotation	Float
RotationSpeed	Float
SetColorA	Integer
SetColorB	Integer
SetStateA	Integer
SetStateB	Integer
ShipPitchDown	Float
ShipPitchUp	Float
ShipRoll	Float
ShipStrafeDown	Float
ShipStrafeLeft	Float
ShipStrafeRight	Float
ShipStrafeUp	Float
ShipYawLeft	Float
ShipYawRight	Float
ShouldUseTurnOnSpotGraph	Boolean
SightedSpeedMult	Float
SightedTransitionSec	Float
Speed	Float
StaggerDirection	Float
StaggerMagnitude	Integer
StartAltIdle	Float
StartsOff	Float
State01Index	Integer
State02Index	Integer
StateA01Index	Integer
StateA02Index	Integer
StateB01Index	Integer
StateB02Index	Integer
SyncJumpBlend	Integer
TurnDelta	Float
TurnDeltaSmoothed	Float
TurnOnSpotEnforceDirectAtLimits	Boolean
UnequipInterruptable	Integer
VehicleAirTime	Float
VehicleForwardVelocity	Float
VehicleIsBoosting	Integer
VehicleIsVertBoosting	Integer
VehicleLateralVelocity	Float
VehicleSpeed	Float
VehicleWheelForwardSlipVelocity	Float
VehicleWheelOnGround	Integer
VehicleZVelocity	Float
VelocityZ	Float
VerticalDirection	Float
WeaponAttackAnimationDuration	Float
WeaponSpeedMult	Float
WeaponSpeedMult1	Float
WeaponSpeedMult2	Float
